text,id
ты прикоснуться открыть мы нужный ответ мир пойти я улыбнуться давать дождь новый рассвет дышать любить ценить мгновение слышать верить слышать верить дышать любить ценить мгновение слышать верить слышать верить дышать любить ценить мгновение твой мир твой дом чувствовать немой новый расклад дышать любить ценить мгновение слышать верить слышать верить дышать любить ценить мгновение слышать верить слышать верить дышать любить ценить мгновение ,1
бежать выдыхать место видеть столько солнце привыкнуть темнота закрывать рука слишком ярко просто странный день пройти заставить замолчать утро сильный яркий далёкий забывать небо высоко смотреть никто полететь полететь туда расплескать последний глотка распуститься цветок облако мечтать просто время верить никто важно забыть жить узнать узнать причина остаться завтра день пройти понимать понимать мы просто нужно далёкий провожать взгляд самый хороший день самый хороший день вокруг красота ждать посмотреть найти высота уронить спина успеть взлететь снова както высота уронить спина узнать выключать чужой песня бесить значить выключать аа значить забирать забирать забирать аа хотеть узнать потерять ключ проблема хотеть узнать потерять ключ проблема хотеть узнать потерять ключ проблема хотеть узнать потерять ключ проблема помнить помнить пробел вместо смысл пробел вместо смысл пробел вместо смысл пробел волна распускаться цветок замерзать небо облако ненавидеть сон ненавидеть сон ненавидеть сон ненавидеть сон ненавидеть сон ненавидеть сон сниться выше невозможно догнать невозможно унять причина лишь счастие смех искать королева пытаться сделать тот рядом я знать лев лишь приносить добыча домой сниться деньга песок сниться пляж говорить время показать видеть кусок сниться отмыться сажи сниться дерево посадить сниться нужный гаджет сниться ребёнок брать хороший ненавидеть сон красивый сестра реальность ненавидеть реальность вместо нежность пошлость сальность ненавидеть сон красивый сестра реальность ненавидеть реальность вместо нежность пошлость ,2
здорово бродить улица влюбить медленно радость верить обязательно сбыться хватать наглость чувствовать нужный свет лицо падать сегодня просто простудить обычно радовать полутон недолуна идеально влюбить спешить чувствовать шанс убежать молчать время лететь нужно уметь отпускать нужно комуть уйти молчать время лететь нужно уметь отпускать нужно комуть уйти молчать время лететь нужно уметь отпускать нужно комуть уйти молчать время лететь нужно уметь отпускать нужно комуть уйти знать любить сложно верить зажить однажды вместо слово многоточие гнать прочь знать любить сложно невзаимный счёт верить зажить однажды рана зажить вместо слово многоточие хотеться ночевать гнать прочь стать среди прочий молчать время лететь нужно уметь отпускать нужно комуть уйти молчать время лететь нужно уметь отпускать нужно комуть уйти молчать время лететь нужно уметь отпускать нужно комуть уйти молчать время лететь нужно уметь отпускать нужно комуть уйти ,3
ночь кафе дорога неизвестный прозрачный футболка рисовать мой мечта скрывать свой чувство бесконечно влюбить пока танцевать отражение вокруг кружиться земля выбирать выражение спросить почему такой красивый почему запасть знать остановить нести твой океан этот любовь этот любовь бесконечный этот любовь этот любовь безграничный этот любовь этот любовь вечный тонема друг друг деликатно дерзить твой рука невероятный скрывать свой чувство искренний глубина пока танцевать отражение вокруг кружиться земля выбирать выражение спросить почему такой красивый почему запасть знать остановить нести твой океан этот любовь этот любовь бесконечный этот любовь этот любовь безграничный этот любовь этот любовь вечный пока танцевать отражение вокруг кружиться земля подбирать выражение спросить почему такой красивый почему запасть знать остановить нести твой океан этот любовь этот любовь бесконечный этот любовь этот любовь безграничный этот любовь этот любовь вечный ,4
поцелуй падать падать падать сказать мы это наутро быть другой ночь сила жёстко любить еее поцелуй падать падать падать ёёё сказать мы это ёёё наутро быть другой ночь сила жёстко любить еее поцелуй падать падать падать ёёё сказать мы это ёёё наутро быть другой ночь сила жёстко любить еее смотреть видеть твой взгляд губа гореть сладкий яд ещё пока знать всё трогать трогать сиять просто хотеть лечь постель такой тот хотеть лишь зависеть твой рука наш тело огонь поцелуй вне понимать просто улетать вверх верить мерил знать всё помнить постель смотреть видеть твой взгляд губа гореть сладкий яд поцелуй падать падать падать ёёё сказать мы это ёёё наутро быть другой ночь сила жёстко любить еее поцелуй падать падать падать ёёё сказать мы это ёёё наутро быть другой ночь сила жёстко любить еее ,5
окей окей хоувоувоувоу хоувоувоувоу хоувоувоуйе оувоувоувоу снова лунный свет окно снова мысль ты вовремя понять значить упустить смочь ранний видно суждено знать лишь один забыть твой глаз твой улыбка пронести год вина ошибка забыть любовь это чудо пронести год забыть забыть забыть забыть мочь найти никак отражение зеркало вампир выпить кровь брудершафт капкап капля губа сладко сладко мы утонуть утонуть отпустить воля место находить знать скучать ты написать время улетать утекать вода забыть забыть твой глаз твой улыбка пронести год вина ошибка забыть любовь это чудо пронести год забыть забыть твой глаз твой улыбка пронести год вина ошибка забыть любовь это чудо пронести год забыть забыть забыть забыть ,6
кхм забавно всё это иметь значение спустя время сей пора память мелочь чей надеяться ктоть ты сделать больной последний помнить рассвет ещё взрослый ребёнок пытаться понять кто встретить пара слово пара год счастливый билет равно палить мой стори давно это стать мой траблом сорри падать небо грёбаный астероид крыть слышать крыть равно палить мой стори давно это стать мой траблом сорри падать небо грёбаный астероид крыть слышать крыть ммм печально разноцветный слишком сладкий вата превращаться однажды липкий грязный пятно надеяться тот кто лечить цитата дело ты верить помнить закат смелый смешной мечтатель сторона весь казаться спятить спятить иммунитет никто любить равно палить мой стори давно это стать мой траблом сорри падать небо грёбаный астероид крыть слышать крыть равно палить мой стори давно это стать мой траблом сорри падать небо грёбаный астероид крыть слышать крыть ммм равно ,7
всё забыть ты точно стать лёгкий любовь вода время лечить снова вспомнить всё небо рухнуть плечо пропадать вечер пропадать вечность включать любимый песня самый грустный песня её любимый песня её самый грустный песня самый грустный песня самый грустный песня самый грустный песня хотеть весь мир закричать дать дать дать сила нужно спасать хотеть попросить дать дать дать сила услышать любить никто любить дать дать дать сила нужно спасать хотеть попросить дать дать дать сила услышать любить никто любить осень любить зима весна лето бросить ктоть погубить поход любить осень время всё решить живить спешить отпустить никто решить пропадать вечер вновь пропадать вечность включать любимый песня самый грустный песня любимый песня самый грустный песня дать дать дать сила нужно спасать хотеть попросить дать дать дать сила услышать любить хотеть весь мир закричать дать дать дать сила нужно спасать хотеть попросить дать дать дать сила услышать любить никто любить дать дать дать сила нужно спасать хотеть попросить дать дать дать сила услышать любить никто любить самый грустный песня самый грустный песня ,8
костёр тишина рука мой греть разбрестись барин домой уходить остаться я рассказать что сердце стучать пьяный пацан неисправимый многий человек любовь взять кредит ой болеть костёр тишина рука мой греть разбрестись барин домой уходить остаться я рассказать что сердце стучать пьяный пацан неисправимый многий человек любовь взять кредит ой болеть ой болеть ой ныть кожа вон ты никак ниточка помаленечку добиваться птица семечко светофор просто прохожий видимо человек поиск похожий разглядеть средь тысяча костёр наломать дрова костёр тишина рука мой греть разбрестись барин домой уходить остаться я рассказать что сердце стучать пьяный пацан неисправимый многий человек любовь взять кредит ой болеть мой нетрезвый сердце вроде стать биться чтоть хватать влюбиться искать счастие гдеть хотя оно близко влюбить взгляд ты рядом допивать виски сказать чувствовать хотеть сделать счастливый пытаться кемтый говорить красиво хотеть помолчать хотеть потанцевать развести костёр который вновь задуть тишина рука мой греть разбрестись барин домой уходить остаться рассказать что сердце стучать пьяный пацан неисправимый многий человек любовь взять кредит ой болеть ойойойойий ойойойойий ойойойойий ой болеть ойойойойий ойойойойий ойойойойий ой болеть ,9
считать деньга мой кошелёк любить деньга видеть смотреть этот человек кто свой яхта тачка бассейн снова напиваться снова говорить пока несовместимый пустой карман снова напиваться снова говорить пока ты быть слушать дать всё захотеть слушать сумма просить любой сумма любить надеяться любить аа аа давно всё понять ага нужный нужный деньга тачка пойло быть денёк обещать вернуться влюбиться влюбиться новый снова напиваться снова говорить пока несовместимый пустой карман снова напиваться снова говорить пока ты быть ,10
запомнить i love you lololololove you понять i palagin on the beat запомнить i love you lololololove you понять i need you neeneeneed you love you запомнить i love you lololololove you понять i need you neeneeneed you love you знать просто дурак решить поиграться ты увидеть глаз искренний страх гора взять твой рука сжать её сильно навсегда сбежать ты далеко маленькамаленький ты один целое земля стоить нога вселенная самый сладкий самый нежный запомнить i love you lololololove you понять i need you neeneeneed you love you запомнить i love you lololololove you понять i need you neeneeneed you love you знать страдать боль грустно хотеть понять снова далёкий друг друг расстоя наплевать всё знать нарочно хотеть ты лгать сплетня гордость подруга устать привыкать ты один целое земля стоить нога вселенная самый сладкий самый нежный запомнить i love you lololololove you понять i need you neeneeneed you love you запомнить i love you lololololove you понять i need you neeneeneed you love you запомнить i love you lololololove you понять i need you neeneeneed you love you запомнить i love you lololololove you понять i need you neeneeneed you love you ,11
капкап улица осень быть дурак бросить хотеть смотреть вслед другой ревновать найти такой любить другой смочь ценить найти дорогой сомнение бред поиск впустую найти такой хороший сегодня ты случиться среди твой нуль жирный единица вообще плевать слякоть ненастье бег лужа навстречу свой счастие хороший сегодня ты случиться среди твой нуль жирный единица вообще плевать слякоть ненастье бег лужа навстречу свой счастие капкап улица человек чеготь ждать коготь любить спешить ты замечать нравиться знать скучать любить другой смочь ценить найти дорогой сомнение бред поиск впустую найти такой хороший сегодня ты случиться среди твой нуль жирный единица вообще плевать слякоть ненастье бег лужа навстречу свой счастие хороший сегодня ты случиться среди твой нуль жирный единица вообще плевать слякоть ненастье бег лужа навстречу свой счастие среди твой нуль жирный единица бег лужа навстречу свой счастие хороший сегодня ты случиться среди твой нуль жирный единица вообще плевать слякоть ненастье бег лужа навстречу свой счастие хороший сегодня ты случиться среди твой нуль жирный единица вообще плевать слякоть ненастье бег лужа навстречу свой счастие ,12
слеза твой вода напоить она весь мир милый жизнь боль смочь засиять яркий звезда слеза твой вода напоить она весь мир жизнь бывать давать выбираться дыра твой мир окутать пыль расти цветок ранний время идти твой жизнь плохой кто прислониться душа душа чувство весь мир лишний плохо аж хотеться вскрыться это сам понаслышке знать знать погаснуть лишь сиять слеза твой вода напоить она весь мир милый жизнь боль смочь засиять яркий звезда слеза твой вода напоить она весь мир жизнь бывать давать выбираться дыра солнце говорить светить весь одинаково луч хватать лишь бог смотреть оконце выходить солнце говорить ты смотреть сдаваться доказать мочь иначе убивать делать сильный милый прийти твой светлый время слеза твой вода напоить она весь мир милый жизнь боль смочь засиять яркий звезда слеза твой вода напоить она весь мир жизнь бывать девочка родить любовь ,13
столько пережить столько загубить ты губить ты настоящий долго ждать твой взгляд манящий бывать странно заживать рана бывать пусто исчезать чувство щелчок палец никуда деться завтра проснуться измениться пережить всё бояться почувствовать успокоиться пережить всё это страшно любить важно пережить всё бояться почувствовать успокоиться пережить всё это страшно любить важно столько поменять сначала это новый жизнь начинать причал быть плавать глубоко набирать воздух забывать боль отпускать слеза всё плохо серьёзно хороший намного просить заметить ответ тот кто приручить неужели заслужить получить пережить всё бояться почувствовать успокоиться пережить всё это страшно любить важно пережить всё бояться почувствовать успокоиться пережить всё это страшно любить важно путь остаться уйти сердце два роль родный боль путь остаться уйти сердце два роль родный боль пережить всё бояться почувствовать успокоиться пережить всё это страшно любить важно пережить всё бояться почувствовать успокоиться пережить всё это страшно любить важно пережить всё бояться почувствовать успокоиться пережить всё это страшно любить важно ,14
пьяный пьяный пьяный пьяный пьяный пьяный пьяный пьяный пьяный пьяный пьяный пьяный пьяный пьяный пьяный такой карий глаз твой рука мой рука глубокий океан тон немой каждый день просто ночной катимкатить двое двадцать город включить фонарь добавить звук спеть любовь спеть любовь молча закрой глаз летний ветерок рада сегодня сегодня вдвоём пьяный пьяный пьяный пьяный пьяный пьяный пьяный пьяный пьяный пьяный пьяный пьяный пьяный пьяный пьяный давать летать ты выше дом быть просто молчать утром никто быть вместе счастие кричать ухо ты пропеть темно лишь сегодня сказать любить пока пьяный молча закрой глаз летний ветерок рада сегодня сегодня вдвоём пьяный пьяный пьяный пьяный пьяный пьяный пьяный пьяный пьяный пьяный пьяный пьяный пьяный пьяный пьяный ,15
прощать свидание снова сердце кусок простой вопрос ответить лишь гудок мама сердце яма знать она увы лампада потухнуть сразу мама корабль медленно тонуть обветрить ладонь душа приносить понять раз ночь пройти какнибыть суббота набрать твой номер ктоть мой всё сказать ты шёпот быть это просто прощать свидание снова сердце кусок простой вопрос ответить лишь гудок прощать свидание снова сердце кусок кусок простой вопрос ответить лишь гудок твой гудок взять трубка давать пара эпитет очень хреновый это звонить родитель фрукт закончиться смесь малое купить забыть быть полвторого родный просить перезвонить гдеть кофейня мыло пена воскресение считать штраф пеня дада рядом тот кто вовсе ценить мы нужный тот кто вым феня ночь пройти какнибыть суббота набрать твой номер ктоть мой всё сказать ты шёпот быть это просто ало прощать свидание снова сердце кусок простой вопрос ответить лишь гудок прощать свидание снова сердце кусок кусок простой вопрос ответить лишь гудок твой гудок твой гудок ответить лишь гудок ,16
молча идти дождь смывать лист ветер спина поднимать пыль глаз монотонно тонуть мысль всё ты рука тянуться набрать твой цифра быть покуда забыть быть мелькать повсюду мелькать повсюду хэпиэнд это поверить снова пас зазабирать чтоть внутри таять зазабывать бывать просто всё против лишь безнадёжно влюбить зазабирать чтоть внутри таять зазабывать бывать просто всё против лишь безнадёжно влюбить страсть порка почему мой маршрут твой дорога твой дорога заставлять думать ты логика гдеть день рука тянуться набрать твой цифра быть покуда забыть быть мелькать повсюду мелькать повсюду хэпиэнд это поверить снова пас зазабирать чтоть внутри таять зазабывать бывать просто всё против лишь безнадёжно влюбить зазабирать чтоть внутри таять зазабывать бывать просто всё против лишь безнадёжно влюбить зазабирать чтоть внутри таять зазабывать бывать просто всё против лишь безнадёжно влюбить зазабирать чтоть внутри таять зазабывать бывать просто всё против лишь безнадёжно влюбить ,17
никто сказать выйти эфир наш тайный миссия спасти мир сила внутри знать ответ прежде вечный путь среди другой звезда поднимать самый главный вопрос важный любовь всё остальной тлен страх лишь голова армагеддон эпицентр взрыв падать звезда твой нога это красиво армагеддон сильно живой самый больший любовь самый больший любовь армагеддон каждый тормозить бояться напоказ сорвать чек взорвать наш мир атака энергия другой светить обжечься болеть пустить обманчивый ветер нейросеть подругий никак теряться ложь пропускать реальный жизнь армагеддон эпицентр взрыв падать звезда твой нога это красиво армагеддон сильно живой самый больший любовь самый больший любовь армагеддон сильно живой самый больший любовь самый больший любовь армагеддон эпицентр взрыв падать звезда твой нога это красиво армагеддон сильно живой самый больший любовь самый больший любовь армагеддон ,18
когданибудь забыть боль непонятый любовь когданибудь решить ты стать обычный человек идти к спасать ложиться я постель который ты давно превратиться самоцель одинокий одинокий безумец темнота снова выстрелить попасть мишень ранить хотеть это рикошет снова выстрелить стать сторона стрела попасть больно стать снова выстрелить попасть мишень оставить рана мой душа рикошет рикошет рикошет рикошет видеть держать устать расстаться хотеть видеть прятать печаль многолюдный пустота пора понять пора менять дверь сорвать петля подумать это сложно разбежаться взлететь одинокий одинокий безумец темнота снова выстрелить попасть мишень ранить хотеть это рикошет снова выстрелить стать сторона стрела попасть больно стать снова выстрелить попасть мишень оставить рана мой душа рикошет рикошет рикошет рикошет снова выстрелить попасть мишень ранить хотеть это рикошет снова выстрелить стать сторона стрела попасть больно стать снова выстрелить попасть мишень оставить рана мой душа рикошет рикошет рикошет рикошет когданибудь когданибудь когданибудь когданибудь когданибудь когданибудь когданибудь когданибудь снова выстрелить попасть мишень ранить хотеть это рикошет снова выстрелить стать сторона стрела попасть больно стать снова выстрелить попасть мишень оставить рана мой душа рикошет рикошет рикошет рикошет ,19
лалалалалелать лела лалалалалелалолалеть лелелелелелать лела лелелелелелалалалалалалеть лелелелелелелалолалеть лелелелелелелалолалеть лелелелелелать лела лелелелелелелелелелелеть встречаться ты полгода бывать душа непогода встретить ясный день парапаммефаделаль счастливый снова влюбиться похожий красивый принц остаться пара неделя папевамделаль ты грустно приходить туда провожать закат ты пусто забывать ты грустно приходить туда провожать закат ты пусто забывать забывать забывать забывать лето рассказать наболеть дождь бежать ты букет оказаться промокнуть кемтый другой папелалеть аромат её волос эх зря играть ты думать думать забрать домой быть ты грустно приходить туда провожать закат ты пусто забывать ты грустно приходить туда провожать закат ты пусто забывать ты грустно приходить туда провожать закат ты пусто забывать забывать забывать забывать подходить тот улица гулять ты желание сбыться спорить спорить спорить навсегда спутница давать давать давать тот гулять ты желание сбыться спорить спорить спорить навсегда спутница давать давать давать тот ,20
удивительно нежный я день удержать рассказать ты поехать кудато музыка сестра сестра хотеть танец утро сестра сестра оставить выбор сестра сестра хотеть танец утро музыка спасать самый сладкий сон попасть ловушка ключ подобрать игрушка поломать собрать твёрдо решить встреча мимо пройда остановить машина передумать сестра сестра хотеть танец утро сестра сестра оставить выбор сестра сестра хотеть танец утро музыка спасать самый сладкий сон сестра сестра хотеть танец утро сестра сестра оставить выбор сестра сестра хотеть танец утро музыка спасать самый сладкий сон yaya yaya babe quero dançar contigo meu amor vai por favor tu partiste o meu coração não me deixaste opção nem te quero aqui vai por favor meu amor quero dançar sim eu quero dançar contigo сестра сестра сестра сестра сестра сестра музыка спасать самый сладкий сон сестра сестра хотеть танец утро сестра сестра оставить выбор сестра сестра хотеть танец утро музыка спасать самый сладкий сон сладкий сон музыка спасать самый сладкий сон ,21
im lonely lonely lonely im lonely lonely lonely искать танцпол хотеть друг друг дополнить im lonely lonely lonely im lonely lonely lonely быть мой половина хотеть сделать счастливый устать упускать ответ провожать рассвет мы часовой пояс полюс адрес город уметь любить подарить ты целый жизнь толькотолько найтись пока мой сердце спать im lonely lonely lonely im lonely lonely lonely искать танцпол хотеть друг друг дополнить im lonely lonely lonely im lonely lonely lonely быть мой половина хотеть сделать счастливый тянуть ты мой мысль голова манить полушарие полушарие детство сбежать дать сердце ты поверженный чувство сдержать быть прежний быть быть быть прежний быть быть быть прежний im lonely lonely lonely im lonely lonely lonely искать танцпол хотеть друг друг дополнить im lonely lonely lonely im lonely lonely lonely быть мой половина хотеть сделать счастливый хотеть любить мир твой глаз хотеть встретиться внезапно отражаться твой зеркало любить твой изъян творить я творить я пухлый пухлый губа творить я творить я пухлый пухлый губа im lonely lonely lonely im lonely lonely lonely искать танцпол хотеть друг друг дополнить im lonely lonely lonely im lonely lonely lonely быть мой половина хотеть сделать счастливый im lonely lonely lonely im lonely lonely lonely быть мой половина im lonely lonely lonely im lonely lonely lonely хотеть сделать счастливый ,22
небо лей небо лей небо лей небанебанёбо лей небо лей небанебо лей дождь пока ждать небо лей небанебанебанёбо лей дождь пока ждать боль небонебонёбо боль боль оее небо лей небанебанебанёбо лей дождь пока ждать боль небонебонёбо боль 1 баста zivert мочь сделать солнце яркий растаять лёд мочь я ты холодно тепло мочь мочь улыбнуться песня минор мочь мочь история слишком слишком небо лей небанебанебанёбо лей дождь пока ждать боль небонебонёбо боль небо лей небанебанебанёбо лей дождь пока ждать боль небонебонёбо боль 2 баста zivert мочь всё объяснить это значит подвести итог мочь всё закончиться плохо знать наперёд мочь мочь простить слишком жестокий урок мочь мочь уходить любовь бессильный бог слишком слишком небо лей небанебанебанёбо лей дождь пока ждать боль небонебонёбо боль боль оее небо лей небанебанебанёбо лей дождь пока ждать боль небонебонёбо боль рядом чувство это лифт выше земля невесомый флирт каждый везти забивать всё снова близко сердце пусть дождь снег дом пустой холод ночью наболтать децибел злиться это точка это точно разбить наизусть знать сказать ответ грусть просто успеть пусть дождь снег вернуться ещё пара сигарета край небо лей небанебанебанёбо лей дождь пока ждать боль небонебонёбо боль боль оее небо лей небанебанебанёбо лей дождь пока ждать боль небонебонёбо боль небо лей небанебанебанёбо лей дождь пока ждать боль небонебонёбо боль боль оее небо лей небанебанебанёбо лей дождь пока ждать боль небонебонёбо боль ,23
перебивать лишь молчание снова плыть отчаянно просто молчать быть рад нужно кричать глубокий ран начать разговор заново освещать чужой фара похожий ты пара значит остаться просто память ретро ретро волна слеза глаз наполнить помнить однажды сказать ты постоять ретро ретро волна снова мы напомнить сегодня полный лишь ты белый луна чёрный дорога я одиноко тёмный суббота ночь холодный вспоминать фото путь назад белый луна чёрный дорога я одиноко тёмный суббота ночь холодный вспоминать фото путь назад догнать догнать догнать ты это всё ложь это больно закрывать навеки глаз пусть вновь биться сердце пусть ссора литься стресс закончить это секс вернуться белый белый луна медленно медленно придумать смело быть себя смотреть назад отводить дорога взгляд белый луна чёрный дорога я одиноко тёмный суббота ночь холодный вспоминать фото путь назад белый луна чёрный дорога я одиноко тёмный суббота ночь холодный вспоминать фото путь назад ,24
бояться твой глаз глубина готовый утонуть ночью дойти луна сомнение прочь сомнение прочь аромат слышать твой устать заполнять мысль мой танцевать навсегда оуо безумный мысль навсегда влюбиться мой глаз забыть влюбиться твой глаз быть ночью тонуть нравиться летать я нравиться мечтать начало весна нравиться я ночь спать нравиться сиять небо вместо луна нравиться летать я нравиться мечтать начало весна нравиться я ночь спать нравиться сиять небо вместо луна вместо луна пойти я туда полетать понимать дарить ты цветок ты нужный ты нужный простой пацан кент жара аромат слышать твой устать заполнять мысль мой танцевать навсегда оуо безумный мысль навсегда влюбиться мой глаз забыть влюбиться твой глаз быть ночью тонуть нравиться летать я нравиться мечтать начало весна нравиться я ночь спать нравиться сиять небо вместо луна нравиться летать я нравиться мечтать начало весна нравиться я ночь спать нравиться сиять небо вместо луна вместо луна ,25
дикий твой вайба ай мой мысль шалить тая это хороший ночь похожий рай шептать ухо дать разойтись текстура система входить её чат ку ку насовсем постель наш душа кричать запах одежда шанель самый модный коллабнуть отель знать следующий шаг самый грустный коктейль ловить кураж танец меж простыня ключица массаж крутой экстази завезти любовь привезти жёлтый такси говорить мой палец скользить крутой экстази всё хотеть просить морось наполнять бокал хеннесси алкоголь уносить давно тусила крутой экстази знать зая наш бокал подмешать прямо лёд пепси хеннесси точно плясать танцпол зависать знать крутой экстази знать зая наш бокал подмешать прямо лёд пепси хеннесси точно плясать танцпол зависать знать крутой экстази хз отпустить твой красота всё ещё хотеть всё ещё фортуна крутиться колесо сказать навсегда значит навсегда амбассадор ваш танец наломать дрова давать продолжить ночь немного плюсануть грех знать ещё казанов ещё паразит сколько год сколько зима крутой экстази завезти любовь привезти жёлтый такси говорить мой палец скользить крутой экстази всё хотеть просить морось наполнять бокал хеннесси алкоголь уносить давно тусила крутой экстази знать зая наш бокал подмешать прямо лёд пепси хеннесси точно плясать танцпол зависать знать крутой экстази знать зая наш бокал подмешать прямо лёд пепси хеннесси точно плясать танцпол зависать знать крутой экстази ,26
собранный заново часть давно отчасти жить всё вокруг видеть настоящий ещё ктоть словить счастие вообще нужный весь жизненный кастинг наделать вещь очередной день мочь гдеть смотреть кино представлять этот сюжет снова предпочесть отдать это куплет простить мой странный кино окей просто играть жизнь часто понимать роль наш сюжет это белый лист вместе написать свой окей просто играть жизнь часто понимать роль наш сюжет это белый лист вместе написать свой написать всё забить стать близкий среди другой такой такой мочь молчать обиженный убегать дать знать пока чувствовать видеть давать вспышка ага висеть жизнь дом свой плюшевый мишка факт мягко мягко это слишком идти верить жизнь переписка сыграть ветер чтоть зевака веда всё ждать пока сыграть чтоть идти дождь верить просто идти чтоть вовсе заставлять представить встать всё место ждать это любим делать допоздна прям пускай сладкий наш видок хотеть хотеть всё около около окей просто играть жизнь часто понимать роль наш сюжет это белый лист вместе написать свой окей просто играть жизнь часто понимать роль наш сюжет это белый лист вместе написать свой ,27
наговаривать наговаривать доводить наговаривать наговаривать всё позади запах цвет золотой говорить я утром дождь навязываться снова слабеть каждый час верить сказка мы путь просто обнять обезоруживать видеть бог оступиться каждый промолчать продлить минута мы время всё расставить место наговаривать наговаривать доводить наговаривать наговаривать всё позади легко один вечер снимать маска кидать угол развязываться вновь сильный каждый час верить цифра дёшево молчать просто позвонить нужно видеть бог извиниться каждый говорить минута продлить время всё расставить место наговаривать наговаривать наговаривать доводить наговаривать наговаривать наговаривать всё позади ,28
твой пьяный мысль мой трезвый чувство грязный танец отчий грустно улететь вставать постель притворяться тело сам хотеть мысль nonstop слишком быстро цейтнот глупо делать один надеяться новый исход город спать дразнить твой аппетит йеа охотиться ночь сердце обесточить точить точить безответный стриптиз губа ты облизать матрица грусть бояться бояться бояться твой пьяный мысль мой трезвый чувство грязный танец отчий грустно уу уу ууу город спать дразнить твой аппетит йеа охотиться ночь сердце обесточить точить точить безответный стриптиз губа ты облизать матрица грусть бояться бояться бояться город спать дразнить твой аппетит дразнить твой аппетит дразнить твой аппетит ,29
мокро который день ужасно мокро проклятый дождь кровь залиться кровь наш окно скоро уйти лужа соль талый река брать кольт бежать бежать дорогой бежать run бежать ради папа мама услышать шаг делать круг зигзаг бежать пока затянуться рана бежать ради папа мама пока стереть каблук хватить грязь увязнуть твой платье захлебнуться кстати ещё верить поладить вернуться наш день свет тепло объятие узнавать прошлый давно утопия я верить уловка взламывать дверь налегке бежать дорогой бежать run бежать ради папа мама услышать шаг делать круг зигзаг бежать пока затянуться рана бежать ради папа мама пока стереть каблук пять считать бежать назад смотреть ранний время стрелять лишь раздватри бежать дорогой бежать бежать ради папа мама услышать шаг делать круг зигзаг бежать пока затянуться рана бежать ради папа мама пока стереть каблук ,30
чтоть ты знать сказать всё знать любовь мальчик фантик love is фантик love is чтоть ты знать сказать всё знать любовь мальчик фантик love is фантик love is мимо гореть витрина мимо гореть витрина чтоть сжимать внутри просить беречь беречь сказать бежать любить любить любить любить фантик love is фантик love is фантик love is любить любить любить любить фантик love is фантик love is фантик love is любить любить любить любить чтоть о знать произойти мы всё знать любовь мальчик фантик love is фантик love is мимо гореть витрина мимо гореть витрина чтоть сжимать внутри просить беречь беречь сказать бежать любить любить любить любить фантик love is фантик love is фантик love is любить любить любить любить фантик love is фантик love is фантик love is любить любить любить любить любить любить любить любить чтоть ты знать сказать всё ,31
небесный роза повсюду мороз видеть твой взгляд это уносить хотеться сказать чтоть против небесный роза повсюду мороз видеть твой взгляд это уносить прикоснуться дать мочь ждать милый небесный роза повсюду мороз видеть твой взгляд это уносить хотеться сказать чтоть против правило мой чувство ранить нота грустный тот день провести сказать кто поплыть это амнезия стоить лицо лицо сложно говорить залипнуть твой губа смутный забыть что говорить это делать просто мочь долго обижаться это знать зай подойти близкий обнять остальной ерунда научиться летать быть доверять быть доверять небесный роза повсюду мороз видеть твой взгляд это уносить хотеться сказать чтоть против небесный роза повсюду мороз видеть твой взгляд это уносить прикоснуться дать мочь ждать милый небесный роза повсюду мороз видеть твой взгляд это уносить хотеться сказать чтоть против ,32
быть отдавать часть душа душить кружить коршун тобойбойба перестать себя устать я мой время настать укрываться пульпульпуля сделать терять потерять потерять сделать терять потерять потерять быть гибнуть значит полный кретин кайфовый другой вспоминать маячить холод бежать это повод плакать быть гибнуть значит полный кретин кайфовый другой вспоминать маячить холод бежать это повод плакать youre lucky nice удержать dancing in your eyes ламбада youre my paradise нож youre my mike tyson падать пуля вылет пройти выбить дурь стереть порошок неужели серьёзно коготь найти неужели ты правда сделать терять потерять потерять сделать терять потерять потерять быть гибнуть значит полный кретин кайфовый другой вспоминать маячить холод бежать это повод плакать быть гибнуть значит полный кретин кайфовый другой вспоминать маячить холод бежать это повод плакать youre lucky nice dancing in your eyes youre my paradise youre my mike tyson youre lucky nice dancing in your eyes youre my paradise youre my mike tyson ,33
человек каждый стена общий дом тлеть зря оставить слинять сила исправить жизнь мы подружить узнать полёт свой душа пустой карман базарить слишком рано сказать прощать одинокий куртка накрыть свой взгляд опустить белый флаг наш рука ты знакомый слышать голос дом человек каждый стена общий дом тлеть зря оставить слинять сила исправить сто спрятаться стол человек забыть голос твой птица рука жить обезоружить нужно прощать остаться рядом тот открыть незнакомый судьба голодный улица остаться себя стих к боль остаться рядом рядом человек каждый стена общий дом тлеть зря оставить слинять сила исправить ,34
капелька капелька слеза капать капать глаз всерьёз шанс капелька капелька слеза капать капать глаз всерьёз шутка маршрутка дом сентябрь обида колет изнутри это лето хотеть ты парить говорить говорить попасться ловушка любовь целоваться доверять всё внутри испариться вовсе нужный друг друг всё круг капелька капелька слеза капать капать глаз всерьёз шанс капелька капелька слеза капать капать глаз всерьёз шанс капелька капелька слеза капать капать глаз всерьёз шанс капелька капелька слеза капать капать глаз всерьёз шутка маршрутка дом сентябрь обида колет изнутри это лето хотеть ты парить говорить говорить попасться ловушка любовь целоваться доверять всё внутри испариться вовсе нужный друг друг всё круг капелька капелька слеза капать капать глаз всерьёз шанс капелька капелька слеза капелька капать капать глаз всерьёз шанс капелька капелька слеза капать капать глаз всерьёз шанс капелька капелька слеза капать капать глаз всерьёз шанс капелька капелька слеза капать капать глаз всерьёз шанс капелька капелька слеза капать капать глаз всерьёз шанс ,35
la notion dharmonie est une des clés de lunivers féminin elle implique la perfection dans limmobilité la justification immédiate de chaque élément à partir du tout et sa participation passive à la totalité crystal платье первый cartier фонтан bad guy cash bottega сотка сотка карта жарко тулум детка любить boomboom boomboom boomboom boomboom boomboom таня любить boomboom boomboom boomboom boomboom аня любить boom boomboom boomboom boomboom катя любить boomboom boomboom boomboom boomboom вичол любить boom гелик арчик новый мальчик forbes угу охрана dolce dolcedolcedolce ресторан куш майами угу вегаснуть канкун детка хотеть boomboom boomboom маша хотеть boomboom boomboom даша хотеть boomboom boomboom boomboom boomboom саша хотеть boom саша хотеть boom boomboom саша хотеть boom boomboom boomboom коля хотеть boom boomboom хахах boomboom предкуплет pharaoh отрывок диалог yuh эй yuh алло yuh эй что эй эй любить танцевать эй её жопа её мать yuh молодой фараон сломать её кровать йоу эй эй всё эй йо всё vvs это водка водник секс алло эй хо yuh хо хотеть ты сказать yuh просто встать колено эй начать bruh детка хотеть boomboom лиля хотеть boomboom катя хотеть boomboom аах натик хотеть boomboom хмхма детка хотеть boomboom boomboom маша хотеть boomboom boomboom даша хотеть boomboom boomboom boomboom boomboom саша хотеть boom саша хотеть boom саша хотеть boom boomboom boomboom boomboom boomboom свет хотеть ,36
солнышко светить злой хороший улыбаться человек колючий ёжик вид мой сердце биться де бог согласиться предложить любовь чтоть схожий ветер поднимать воздух наш фантик пока голова концерт стадик хотеть думать стать никто кроме веснушка лицо девочкасолнце смешной веснушка просить влюбиться её послушать сердце верить нежный тёплый признание сладкий поцелуй воспоминание девочкасолнце смешной веснушка просить влюбиться её послушать сердце верить нежный тёплый признание сладкий поцелуй воспоминание девочкасолнце смешной веснушка просить влюбиться её послушать сердце верить нежный тёплый признание сладкий поцелуй воспоминание девочкасолнце смешной веснушка просить влюбиться её послушать сердце верить нежный тёплый признание сладкий поцелуй воспоминание рассказать почему сходить ум твой вишнёвый губа аромат вино рассказать почему танцевать один украсть сердце пацан найти потерять кто быть петь сочинять кто вечером быть ходить кино вообще оно однажды ты уйти встретиться однажды ты всё понять жизнь другой завертеться девчонка быть просто любить пацан дарить цветок кружка смотреть это грустить вспоминать твой веснушка девочкасолнце смешной веснушка просить влюбиться её послушать сердце верить нежный тёплый признание сладкий поцелуй воспоминание девочкасолнце смешной веснушка просить влюбиться её послушать сердце верить нежный тёплый признание сладкий поцелуй воспоминание девочкасолнце просить влюбиться сердце верить сладкий поцелуй девочкасолнце смешной веснушка просить влюбиться её послушать сердце верить нежный тёплый признание сладкий поцелуй воспоминание девочкасолнце смешной веснушка просить влюбиться её послушать сердце верить нежный тёплый признание сладкий поцелуй воспоминание ,37
знать drugs мы друг шота тон ветер разлетаться частица осколок лишь круг броский подруга найти свой место солнце шаман ты этот мадам отдать хотеть ты дать свой инстаграм мадам отдать хотеть ты дать свой инстаграм шота умат шота шота кровать шота шота шота мы танцевать тело душа шота вроде хватить шота шота срывать платье шота шота шота это всё шота шота попасть прямо хедшота застрелить уйти пойти шота шота шота б смочь б пойти шота шота шота шота попасть прямо хедшота стопудовый ещё бревно дрова мало хотеть ещё шота сразу мы мы мы отельный номер стопудовый ещё бревно дрова стопудовый ещё бревно дрова мало хотеть ещё шота сразу мы мы мы отельный номер стопудовый ещё бревно дрова попробовать поменять браат брат шота менять наугад наугад танцполый взлететь это факт факт top1 пасть хитпарад омут мой пьяный глаз праздник который звать собраться прыгать вверхвниз король party королева король платить вечеринка формат techno minimal deep house быть атыбат пират ром чёрный вода теснота обида танцпол дрова чёртик красивый чёрт весь красота оставить её инстаграм шота попасть прямо хедшота застрелить уйти пойти шота шота шота б смочь б пойти шота шота шота шота попасть прямо хедшота стопудовый ещё бревно дрова мало хотеть ещё шота сразу мы мы мы отельный номер стопудовый ещё бревно дрова стопудовый ещё бревно дрова мало хотеть ещё шота сразу мы мы мы отельный номер стопудовый ещё бревно дрова ,38
почему думать ты поглощаться тьма уу почему уу почему думать ты поглощаться тьма уу почему уу почемуа объяснить знать идти дождь туча разогнать мы облако думать голова этот тьма голова лишь пустота аа почему думать ты поглощаться тьма уу почему уу почему думать ты поглощаться тьма уу почему уу снова хотеть туда пустота мечта вокруг лишь мгла себя тянуть тьма снова пустота голова голова аа снова хотеть туда пустота мечта вокруг лишь мгла себя тянуть тьма снова пустота голова голова аа почему думать ты поглощаться тьма уу почему уу почему думать ты поглощаться тьма уу почему уу ,39
гдеть глубина душа нарисовать образ твой некуда спешить окутать твой волшебство сила ждать сложно смочь помочь хотеть твой любимый просыпаться ты рядом характер ранимый влюбиться вправду хотеть твой любимый просыпаться ты рядом характер ранимый влюбиться вправду цвет твой зелёный глаз знакомый почерк писать любить каждый миг первый поцелуй кайф ты ловить сила ждать сложно смочь помочь хотеть твой любимый просыпаться ты рядом характер ранимый влюбиться вправду хотеть твой любимый просыпаться ты рядом характер ранимый влюбиться вправду твой любимый твой любимый твой любимый ,40
звонить сердце тревожить трубка говорить обида который бросать дрожь пусть это любовь пусть это счастие след хотеть холодный слово свой камень кидать горечь вослед целовать мой воспоминание обещать надежда любовь мой ночной обида щемить мерцание терзать бередить душа слеза окно забарабанить дождь услышать слово любовь телефон молчать к прийти год чувство благодарить радость наш встреча улыбка горький озарить создать любовь хороший человек целовать мой воспоминание обещать надежда любовь мой ночной обида щемить мерцание терзать бередить душа целовать мой воспоминание обещать надежда любовь мой ночной обида щемить мерцание терзать бередить душа ,41
долгий путь пройти отчасти посетить дорога земной видеть радость печаль пусть вывести формула счастие дойти истина прошлое жаль открывать окно видеть солнце видеть солнце словно праздник душа открывать окно видеть солнце сдаваться вернуться быть петь быть жить волна качать ветер палуба кренить никто скрыться стена судьба различать граница имя ходить земля один открывать окно видеть солнце видеть солнце словно праздник душа открывать окно видеть солнце сдаваться вернуться быть петь быть жить открывать окно видеть солнце видеть солнце словно праздник душа открывать окно видеть солнце сдаваться вернуться быть петь быть жить ,42
променять боль сигарета репит поставить песня быть танцевать сегодня утро ты вместе написать четыре ровный строчка поставить они точка лишь быть танцевать ты танцевать вернуться сумасшедший мальчик пусть стать старший знать быть ждать помнить о о оставить мой ошибка прошлый представить стать хороший самыйсамый хороший день календарь давать быть выходить дом отключить новость телефон быть утро сегодня танцевать ты вместе радио новый хит играть сказать далёкий мы никто ты что виноватый вернуться сумасшедший мальчик пусть стать старший знать быть ждать помнить о о оставить мой ошибка прошлый представить стать хороший самыйсамый хороший день календарь взять печаль тёмный очки везти ты холодное такси играть стильный битый мир лететь петля самый хороший день вернуться сумасшедший мальчик пусть стать старший знать быть ждать помнить о о оставить мой ошибка прошлый представить стать хороший самыйсамый хороший день календарь ,43
смотреть глаз фотография маня наш море рваный рана вчера стать история источник textpesnicom писать это дикий нерв переживание жалить пожалуйста сбежать быть верный вернуться дождь щека хлестать мой горло кто твой сердце пустота вернуться дождь плакать душа ждать мой сердце взлетать город город бесконечный аэропорт снова играть счастливый милый такой правило истерик солёный река неоправданный ожидание ради кто твой любовь плакать радио вернуться дождь щека хлестать мой горло кто твой сердце пустота вернуться дождь плакать душа ждать мой сердце вернуться дождь щека хлестать мой горло кто твой сердце пустота вернуться дождь плакать душа ждать мой сердце вернуться дождь щека хлестать мой горло кто твой сердце пустота вернуться дождь плакать душа ждать мой сердце ,44
разрушить всё сам положить весь конец всё пусто мир замереть море фонтан бросить монета колючий роза красивый брать раниться бросить душевный пацан потерять свой дар речь молить бог ты свести удивить нечего принцесса снаружи внутри ложь зло ссора дождь боль шторм бить сердце колит нож твой довольно забыть твой улыбка холод шибко пойти душа пустить искать ошибка глаз наживка оказаться забыть твой улыбка холод шибко пойти душа душа пустить искать ошибка глаз наживка оказаться пройти месяц разлука больно другой смотреть запомнить такой поверь ты верить пройти месяц ещё подвозить дом чёрный мерин говорить статут что глаз забитый туман глаз забитый слово пропитать ложь который ты обмануть ком горло терять почва видеть звезда небо почему смочь очередной поверить падать обрыв себя потянуть вид сладкий жизнь внутри робеть сердце твой боль лживый глаз посмотреть мочь ошибаться столько сказать сказать сказать забыть твой улыбка холод шибко пойти душа пустить искать ошибка глаз наживка оказаться ,45
ты написать письмо простить раз попросить это простуда это пройти сам ошибка уходить прощание хотеться сказать всё очень знать смочь потерять найти любовь вырезать круг разделить слово ты друг друг пусть это наш последний ещё запас день изменить знать остаться сотня трудный уходить мой сердце вагон метро чужой он свободный место смешить просить выходить окно ты быть ,46
падать миллиметр вставать гнуться ветер бояться открыть глаз сколько упасть вниз громкий крик держаться держаться пройти гроза прощаться возвращаться обман прощаться голос свой душа вели сквозь туман попадать капкан попадать капкан прощать помнить один рядом ты душа ночь прийти твой старый дом идти свет спешить спешить таять слой пепел холодный вода пекло искать внутри зло мысль один друг друг сплетаться день грань вечно живой узел прощаться возвращаться обман прощаться голос свой душа вели сквозь туман попадать капкан попадать капкан источник tekstypesenokru прощать помнить один рядом ты душа ночь прийти твой старый дом идти свет спешить спешить прощать помнить один рядом ты душа ночь прийти твой старый дом идти свет спешить спешить прощать помнить один рядом ты душа ночь прийти твой старый дом идти свет спешить спешить ,47
луч играть крыша увидеть будильник гдеть двадцать смахнуть корзина виджет вчерашний платье нету сила просыпаться сон гладить палец ненавидеть малый перчатка менять забывать смеяться больной накинуть старое худить спускаться магазин брать вино зефир кортизол накрыть снова ночь снова ночь снова ночь понять найти почему чужой объятие ты ждать прийти оставить ответ мой тысяча звонок понять смочь простить послушный простить уходить поезд окно пустой перрон знать всетаки решиться это любовь ,48
закрывать дверь слово сказать верить ждать значит смочь смириться проститься холодно темно ждать ответ равно несколько секунда ты жить прежде нежно быть любить быть хранить сердце быть тихонько греться быть любить вечно быть пока услышать рядом ты ктоть дышать быть любить быть хранить касаться пустота ранний я уходить ты писать вопрос вопрос любя невидимый согреть позволить это просто боль стучаться скрыться быть любить быть хранить сердце быть тихонько греться быть любить вечно быть пока услышать рядом ты ктоть дышать быть любить быть хранить сердце быть тихонько греться быть любить вечно быть любить быть хранить сердце быть тихонько греться быть любить вечно быть пока услышать рядом ты ктоть дышать быть любить быть хранить ,49
мм часы переведу жизнь назад грусти тобой встретимся похоже это видела впервые дороже понимание всё неповторимо времена выбрать мгновение лечу жизням моим родным мирам родным мирам закрытыми веками веками закрытыми веками веками закрытыми веками веками окей просто улыбнусь этому белому листу прикоснись моему сердцу налету важнее цени момент оставляю белый след ветер лететь свет времена выбирают живут умирают теряют снова находят всё чём мечтают сколько перевернём страниц потеряли счёт гдето веками вся жизнь идёт времена выбрать мгновение лечу жизням моим родным мирам родным мирам закрытыми веками веками закрытыми веками веками закрытыми веками веками закрытыми веками закрытыми веками веками веками закрытыми веками веками времена выбрать мгновение лечу жизням моим родным мирам родным мирам закрытыми веками веками закрытыми веками веками закрытыми веками веками закрытыми веками,50
часы словно золушка еда домой мама трубка дочка плакать слеза снова падать клатч давить газ водитель хотеть видеть нужный видимо это больно давить газ водитель сильно обидеть ранний видеть просить набирать холодный ночь весь быть лгать скучать стирать номер фото инстаграм простить пора сильно ранить ооаааа давить газ давить газ водитель ооаааа давить газ хотеть видеть остаться друг вандал часть мир знать мама всё серьёзно один лишь мысль снова слеза давить газ водитель хотеть видеть знать любить больно давить газ водитель сильно обидеть ранний видеть просить набирать холодный ночь весь быть лгать скучать стирать номер фото инстаграм простить пора сильно ранить ооаааа давить газ давить газ водитель ооаааа давить газ хотеть видеть просить набирать весь быть лгать ооаааа стирать номер сильно ранить просить набирать холодный ночь весь быть лгать скучать стирать номер фото инстаграм простить пора сильно ранить ооаааа давить газ давить газ давить газ водитель ооаааа давить газ ооаааа ,51
звонить доступный дари цветок помолчать чувство слово слышать грустно душа пусто ууу хотеть гореть потеряться круг ууу вроде true мочь ууу закрой дверь прийти ууу ууу зона риск запоминать слово эгоистка близко далёкий смотреть снова твой глаз быть любить любить зона риск запоминать слово эгоистка близко далёкий смотреть снова твой глаз быть любить любить say say wassup мисс торопиться уходить нужный kiss стереть тейп лютый флейв эгоистка эгоист лёд этот глаз лёд пусть человек давно потерять рассудок знать никто пора бежать исчезать улетать упасть открыться наш тетрадь ломать снова доверять наш блик запотеть окно стирать вспять наш время ты прощать находить снова терять удалять друг друг список зона риск запоминать слово эгоистка близко далёкий смотреть снова твой глаз быть любить любить взять списать всё надеть очки включить розовый свет вне зона комфорт пушечный выстрел стоить край два соседний планета зона риск запоминать слово эгоистка близко далёкий смотреть снова твой глаз быть любить любить зона риск запоминать слово эгоистка близко далёкий смотреть снова твой глаз быть любить любить ,52
плакать плакать солёный слеза свой спрячь свой спрячь плакать плакать солёный слеза свой спрячь свой спрячь плакать лживый правда это слово рада крутить вихрь торнадо видать мы любить потеряться прощать видать мы забыть чувство взять распять стоить мы ждать обижаться верить знать сколько играть стоить мы ошибка тот повторять холодное слеза спрячь плакать плакать плакать солёный слеза свой спрячь свой спрячь плакать плакать солёный слеза свой спрячь свой спрячь невидимый мир вообразить который быть один тревога ранить тот милый душа доверие упасть дно одинокий велено верный мы война одинокий предать биться любовь один цена стоить мы ждать обижаться верить знать сколько играть стоить мы ошибка тот повторять холодное слеза спрячь плакать плакать плакать солёный слеза свой спрячь свой спрячь плакать плакать солёный слеза свой спрячь свой спрячь ,53
ляля ляля ляляляля ляля ляля ляляляля ляля ляля ляляляля ляля ляля сойти ум сойти ум нужный нужный нужный сойти ум сойти ум нужный нужный нужный сойти ум мама нужный ааа затянуть шея целлофан мочь целовать дышать мочь ты дышать это дрянь холодно отключаться разум больной врач связь обезбол подействовать сразу твой любовь нужный сойти ум сойти ум нужный нужный нужный сойти ум сойти ум нужный нужный нужный сойти ум мама нужный ааа снова запутаться твой соцсетяа снова голова мелочаа любовь это лишь веществааа почему нужный холодно отключаться разум больной врач связь обезбол подействовать сразу твой любовь нужный сойти ум сойти ум нужный нужный нужный сойти ум сойти ум нужный нужный нужный сойти ум мама нужный мама ляля ляля ляляляля ляля ляля ляляляля нужный ляля ляля ляляляля ляля ляля ляляляля ляля ляля ляляляля ляля ляля ,54
безалкогольный вино мы ты мы таять ice ice ice ice забрать дубай безалкогольный вино мы ты мы таять ice ice ice ice забрать дубай ооо напялить наряд shake shake shake сиять карат ууу никто виноватый втюриться lollipop lollipop хотеть ты топ губа течь xo быть петь танцевать lollipop lollipop хотеть ты топ забрать рейв просто безалкогольный вино мы ты мы таять ice ice ice ice забрать дубай безалкогольный вино мы ты мы таять ice ice ice ice забрать дубай цацка голова конь высокий гора делать деньга крутой друг проверять сзади спереди мой найк тьфу мой найк больно ойойий положить леденец прямо рот молодец ганвест ганвест выходить безалкогольный вино мы ты мы таять ice ice ice ice забрать дубай безалкогольный вино мы ты мы таять ice ice ice ice забрать дубай ,55
пуля закрой отдать пароль забыть боль твой любовь выстрел контрольный ты поле бой ловить тишина хотя двое взрывать бомба кидать комбо ломка сердце словно попкорн биться путь назад смотреть твой глаз хотеть ты сказать путь назад влюбиться навсегда знать пуля закрой отдать пароль забыть боль твой любовь выстрел контрольный пуля закрой отдать пароль забыть боль твой любовь выстрел контрольный твой комбо мой стрела давать спина спина нажать плей ломать стена играть любовь ты азарт ветер пепел снова высоко вдыхать дым стрелять смело оба хотеть путь назад смотреть твой глаз хотеть ты сказать путь назад влюбиться навсегда знать пуля закрой отдать пароль забыть боль твой любовь выстрел контрольный пуля ты пароль боль контрольный пуля ты пароль боль пуля закрой отдать пароль забыть боль твой любовь выстрел контрольный baby give me some love ya i am addicted to you gum baby give me some love ya i am addicted to you ,56
всё равно молчать знать один хотеть ходить ты крыша город высоко мы бояться повод жить лишь весна весна расцветать глаз цветок отправляться полёт луна мы выбраться западня курить твой дом это невесомость это невесомость стоить твой дом это невесомость стоить бессонный пиздец влюбить уснуть утро спасть сутки знать её рука это невозможно запах её кожа пленительный похожий герой фильм который дико любить хотеть забыть момент красивый дым подниматься выше кросс стучать крыша вопрос тихий услышать курить твой дом это невесомость это невесомость стоить твой дом это невесомость стоить бессонный пиздец влюбить твой дом это невесомость это невесомость стоить твой дом это невесомость стоить бессонный пиздец влюбить курить твой дом курить твой дом ,57
открытка другой чужое берег запятая точка почерк неуверенный скучать ты такой дело рядом рядом главный роль антракт сделать пауза половина такт самый главный элемент воздух ты сложный ты просто давать ты вместе навсегда километр часовой пояс самолёт авто звезда орион ты вместе ты везде дом давать ты вместе навсегда километр часовой пояс самолёт авто звезда орион ты вместе ты везде дом менять зажигать свет хороший прогноз миллион наш год засыпать плечо мой тихо слово это счастие любовь твой спина мой наш крыло такой просто фильтр расстояние душа близкий отдать слышать давать ты вместе навсегда километр часовой пояс самолёт авто звезда орион ты вместе ты везде дом давать ты вместе навсегда километр часовой пояс самолёт авто звезда орион ты вместе ты везде дом давать ты вместе навсегда километр часовой пояс самолёт авто звезда орион ты вместе ты везде дом давать ты вместе навсегда километр часовой пояс самолёт авто звезда орион ты вместе ты везде дом ,58
платье цвет фуксия виски мой смузи иллюзия откровенность грузить плюс плюс фотка инст этот фотка инст платье цвет фуксия утро твой люкс отпускать чувство post malone айтюнс плюс плюс трек ты трек ты трек ты простить мы слабость звонок ночь остаться ложь обещание разговор личный токсичный плохой привычка напоминать боль трещина самый модный трек красивый вещь наш кафе пряный латта окно таять закат отнять платье цвет фуксия виски мой смузи иллюзия откровенность грузить плюс плюс фотка инст этот фотка инст платье цвет фуксия утро твой люкс отпускать чувство post malone айтюнс плюс плюс трек ты трек ты трек ты рваный темп осколок ночь реж семпл прочный синхронный мысль повиснуть пьяный искра ты напоминать боль трещина самый модный трек красивый вещь совпадать намёк мой строка наверное это любовь платье цвет фуксия виски мой смузи иллюзия откровенность грузить плюс плюс фотка инст этот фотка инст платье цвет фуксия утро твой люкс отпускать чувство post malone айтюнс плюс плюс трек ты трек ты трек ты ,59
любовь верить сердце приносить ревность чувство жертва пылать месть ночь колдовать холодный снег конец июль земля нежданный место найти любовь устать сердце найти слово любовь бессмертный звёздный мир стать тесный едва любовь коснуться сердце незаметно понять всё понять бессмертный ты любовь бессмертный едва любовь коснуться сердце незаметно понять вновь понять бессмертный любовь ты бессмертный любовь открыть глаз мечта довериться луч любовь тепло согреться однажды взгляд любовь незримый найти глаз ранимый земля нежданный место найти любовь устать сердце найти слово любовь бессмертный звёздный мир стать тесный едва любовь коснуться сердце незаметно понять всё понять бессмертный ты любовь бессмертный любовь едва любовь едва любовь коснуться сердце незаметно понять вновь понять бессмертный любовь ты бессмертный любовь ,60
глядеть окно дом видеть тот звезда несколько фраза несколько слово влюбить глядеть окно квартира видеть небо значит мочь также влюбить дать минута отдать песня пополам второй твой брать забирать дать прибиться твой берег влюбиться верить такой возможно ааея шептать голос ааея это самый самый слабый место попасть целиться ааея шептать голос ааея это самый самый слабый место попасть целиться глядеть окно машина доверять никто видеть сон наяву танцевать среди бросить скала спрятать мысль капюшон искать спасибо найти дать минута отдать песня пополам второй твой брать забирать дать прибиться твой берег влюбиться верить такой возможно ааея шептать голос ааея это самый самый слабый место попасть целиться ааея шептать голос ааея это самый самый слабый место попасть целиться самый слабый место попасть целиться ааея ааея самый слабый место ,61
начинать искать попуть вести паутина любовь уходить слушать чувствовать танец век ты это наш искусство говорить рука забирать твой подруга врасплох застать движение красивый делать устать нерв стать чувство хрустальный отважныеважный i like the way you move i like the way you dance i like the way you move i like the way you dance медленномедленный шатать нерв вредный вредный давать ответить показать подруга рассказать ты передать круг сегодня танец унести быть повторять движение нуль часы твой цель наверное мишель мы пусть идиллия стрелять метко глаз сердце важный мы сегодня правда стрелять чётко согреться завтра каждый оправдать говорить рука забирать твой подруга врасплох застать движение красивый делать устать нерв стать чувство хрустальный отважныеважный врасплох застать движение красивый делать устать нерв стать чувство хрустальный отважныеважный i like the way you move i like the way you dance i like the way you move i like the way you dance говорить рука забирать твой подруга врасплох застать движение красивый делать устать нерв стать чувство хрустальный отважныеважный i like the way you move i like the way you dance i like the way you move i like the way you dance ,62
ааа твой вино твой слово капля правда глаз видеть твой чувство твердить правый всё равно ты вернуться ранить оставить след всё равно ты упрямо дерзить свой путь бред щека мой слеза это твой вино кой чёрт твой роза любить щека мой слеза это твой вино кой чёрт твой роза любить ааа ааа твой вино начинать мочь понять никак снова бросать снова к возвращаться уступать ты каждый вопрос устраивать мой нерв износ создать рай милость просить снова улетать бросить щека твой слеза это вино принять красный роза убегать щека мой слеза это твой вино кой чёрт твой роза любить щека мой слеза это твой вино кой чёрт твой роза любить щека твой слеза это вино кой чёрт твой роза любить щека твой слеза это твой вино кой чёрт твой роза любить ааа ааа твой вино ааа ааа твой вино ,63
ooh птица ты дарить крыло взлетать накрыть снова вокруг тишина искрить шуметь вокруг звезда среди один который ты бросить погоня мечта манить грёза отпор давать давать идти вперёд свой звезда набирать высота набирать спешить поймать звезда поймать отпустить набирать высота набирать спешить поймать звезда поймать отпустить засиять ты петь звезда твой пусть небо туча прогонять ветер помнить взлёт падение сбить путь затмение взять отпускать манить свободный падение погоня мечта манить грёза отпор давать давать идти вперёд свой звезда набирать высота набирать спешить поймать звезда поймать отпустить набирать высота набирать спешить поймать звезда поймать отпустить ,64
петля любовь мой грёза говорить лишь поглощать воздух ты нету живой ты нету душа ты нужно забирать свой грош пустой долина безмолвный долина утаить злой сила губа цвет малина тусклый цвет лето кончить аромат банчить чувство лечить нук отвалить сука сука сука к заходить стук идти стать жить кайф танцевать кайф просто отвалить ты это мука нук отвалить сука к заходить стук идти стать жить кайф танцевать кайф просто отвалить ты это мука гудок телефон снова беситься гон закон вместе послать пробовать песня сердце выставить тесно ты слепой я покой верить врать пустой долина безмолвный долина утаить злой сила губа цвет малина тусклый цвет лето кончить аромат банчить чувство лечить нук отвалить сука сука к заходить стук идти стать жить кайф танцевать кайф просто отвалить ты это мука нук отвалить сука к заходить стук идти стать жить кайф танцевать кайф просто отвалить ты это мука нук отвалить сука ,65
разгрузить мой печаль помочь счастливый обнять плечо сжимать весь сила словно сахар кипяток особый усилие растворяться ты улетать орбита твой томный любить сердце заставлять cжаться смочь нефига смеяться мочь подойти близкий посмотреть мой глаз особый слово думать понять слово говорить ты сдаться твой губа мой ты кружить танец ждать впереди важно важно ловить момент пока это шанс дикий глаз выжигать рана мы пламя пожар океан нежный слово заставлять сдаться нежный губа продолжать прикасаться дикий глаз выжигать рана мы пламя пожар океан нежный слово заставлять сдаться нежный губа продолжать прикасаться дым густой потолок колонка бари вайта лежать ты вдвоём тихо тлеть наш блант ты ты легко другой нужный твой чёрный глаз смотреть жадно срывать твой платье мой объятие рассвет закат быть спать рассвет закат быть любовь играть предел мой мечтание думать выйти смотреть понимать такой фильм прикасаться твой талия рука свой прикасаться твой талия рука свой дикий глаз выжигать рана мы пламя пожар океан нежный слово заставлять сдаться нежный губа продолжать прикасаться дикий глаз выжигать рана мы пламя пожар океан нежный слово заставлять сдаться нежный губа продолжать прикасаться ,66
незнакомка незнакомый вагон мелькать луна поезд греть надежда бездомный сегодня напиться допьяна ты напиться победа сегодня напиться стыд мой чувство любовь раздетый найти любовь близнец ладонь колено глаз любовь слово век сквозь ген найти любовь рука идти разведка чувство замок прятать лицо горжетка судить любовь незнакомка незнакомый незнакомка незнакомый незнакомка зацеловать утро обескровить окно стук колесо позёмка поле белоснежный покров сегодня напиться победа ты напиться любовь мой чувство любовь раздетый один душа близнец ладонь колено глаз любовь слово век сквозь ген найти любовь рука идти разведка чувство замок прятать лицо горжетка судить любовь незнакомка незнакомый незнакомка незнакомка незнакомый ,67
ночь прийти сразу дать знать искать подсказать встречный полоса верить чудо украсть украсть взлётный бесповоротно стучать сердце беспилотный плотно прижаться ты расстегнуть ремень увидеть дикий остров любовь одежда малый надежда потеряться каяться остров location это mystification растворяться растворяться нечего терять никто должный знать сбежать туда оглядка заколдовать наш остров словно сон статус обнажённый статус обнажённый взлётный бесповоротно стучать сердце беспилотный плотно прижаться ты расстегнуть ремень увидеть дикий остров любовь одежда малый надежда потеряться каяться остров location ты mystification растворяться растворяться остров location location одежда малый надежда потеряться каяться остров location это mystification растворяться одежда малый надежда потеряться каяться остров location ты mystification растворяться растворяться растворяться ,68
лить лить лунный дождь сон расхожий жажда гореть губа дрожь сердце дрожь понять слеза жить глаз позвонить быть смелый слеза мой ревнивый ручей родник сердце проникнуть молчать позвонить быть смелый слеза мой ревнивый ручей утолить жажда любовь молчать слышать ложь стать всерьёз что вопрос обман ждать ждать память звать искать любовь адрес позвонить быть смелый слеза мой ревнивый ручей родник сердце проникнуть молчать позвонить быть смелый слеза мой ревнивый ручей утолить жажда любовь молчать позвонить позвонить позвонить быть смелый слеза мой ревнивый ручей родник сердце проникнуть молчать позвонить быть смелый слеза мой ревнивый ручей родник сердце проникнуть молчать позвонить быть смелый слеза мой ревнивый ручей родник сердце проникнуть молчать позвонить быть смелый слеза мой ревнивый ручей утолить жажда любовь молчать слышать ,69
тихо уснуть проснуться глаз полный надежда быть ждать рассвет свободно ходить одежда время свысока завершить смотреть быть далеко новый звезда потерять горизонт мы равно мы нужно вернуться утро чистый горизонт сон наяву мы нужно рука рука двое один дорога облако облако облако облако облако облако облако быть смотреть таять мир рождаться вновь красиво быть мечтать планет изучать неторопливо полный луна тронуть небо серебро быть далеко ветер тишина стать первый голос мы равно мы нужно вернуться утро чистый горизонт сон наяву мы нужно рука рука двое один дорога облако облако облако облако облако облако облако видеть случайно наш дорога ждать отчаянно россыпь бликовый упавший свет ждать дорога знать мы нужно вернуться утро чистый горизонт сон наяву мы нужно рука рука двое один дорога облако облако облако облако облако облако облако ,70
разбить мой чувство взгляд внезапный мысль вслух просить застынуть тонкий лёд разбить мой сон часть деталь конструктор разбить мой сон счастие давать пойти жара стена квартира deja vu знать ты жить уйти ты сказать это deja vu безумный азарт мой тормоз малолетний смешной пацан твой твой ничей ничей любовь порой менять человек помнить помнить этаж этаж похожий весь наш жизнь вираж расклеить мой фото глянец примета лицо глаз расклеить мой фото танец успеть сказать раскрасить мой чувство пыль осенний пустой дорога время застынуть шедевр строка флешбэк deja vu знать ты жить образ твой зеркало ловить это deja vu безумный азарт мой тормоз малолетний смешной пацан твой твой ничей ничей любовь порой менять человек помнить помнить этаж этаж похожий весь наш жизнь вираж твой твой ничей ничей любовь порой менять человек помнить помнить этаж этаж похожий весь наш жизнь вираж ,71
прекрасный платье худить целое тысяча половина столько больно делать человек искренне вновь доверять город встречать такой каждый улыбаться её голосовой неземной улетать каждый смотреть она всё забывать девочкакосмос словно воздух девочкакосмос всё непросто нога уплывать земля девочкакосмос девочкакосмос небо звезда девочкакосмос всё серьёзно написать ты поздно отменять снова снова влюбляться плевать бренд смотреть душа такой нежный сильный внутри лишь взгляд обезоружить всё искренне фальшь интрига город встречать такой каждый улыбаться её голосовой неземной улетать каждый смотреть она всё забывать девочкакосмос словно воздух девочкакосмос всё непросто нога уплывать земля девочкакосмос девочкакосмос небо звезда девочкакосмос всё серьёзно написать ты поздно отменять снова снова влюбляться девочкакосмос словно воздух девочкакосмос всё непросто нога уплывать земля девочкакосмос девочкакосмос небо звезда девочкакосмос всё серьёзно написать ты поздно отменять снова снова влюбляться ,72

